{"camera_matrix": [[0.2111052763084833, 0.5342469422699022, 0.6301000417910853], [0.33960664138646457, 0.34894748255122465, 0.6711364444155197], [0.41572348552186533, 0.6963686884295813, 0.2401757081623349]], "dist_coeff": [[0.9586336613951575, 0.9427892702337879, 0.2819347351735402], [0.2834405651385308, 0.9127392948306023, 0.8443852949927179], [0.5248703990330578, 0.9740120264881132, 0.08914053892547513]], "src_pts": [], "dst_pts": []}